[네이버-1페이지]이브젤, 0
[네이버-1페이지]이브 콘돔, 1
[네이버-1페이지]체레미 마카, 6
[네이버-1페이지]이브젤, 2
[네이버-상단]체레미 마카, 2
[네이버-상단]이브콘돔, 1
[네이버-1페이지]이브컵, 2
[네이버-상단]이브젤, 1
[네이버-상단]이브컵, 0
[네이버-1페이지]이브컵, 2
[네이버-1페이지]이브젤, 2
[네이버-1페이지]이브 콘돔, 1
[네이버-상단]이브콘돔, 1
[네이버-1페이지]체레미 마카, 6
[네이버-1페이지]이브젤, 2
[네이버-상단]이브컵, 0
[네이버-상단]체레미 마카, 2
[네이버-상단]이브젤, 1
[네이버-1페이지]이브 콘돔, 1
[네이버-1페이지]체레미 마카, 6
[네이버-1페이지]이브컵, 2
[네이버-1페이지]이브젤, 0
[네이버-상단]체레미 마카, 2
[네이버-상단]이브콘돔, 1
[네이버-1페이지]이브젤, 2
[네이버-상단]이브컵, 0
[네이버-상단]이브젤, 1
[네이버-1페이지]이브젤, 0
[네이버-1페이지]이브 콘돔, 1
[네이버-1페이지]체레미 마카, 6
[네이버-1페이지]이브젤, 2
[네이버-상단]이브콘돔, 1
[네이버-1페이지]이브컵, 2
[네이버-상단]이브컵, 0
[네이버-상단]체레미 마카, 2
[네이버-상단]이브젤, 1
[네이버-1페이지]이브컵, 2
[네이버-1페이지]이브 콘돔, 1
[네이버-1페이지]이브젤, 2
[네이버-1페이지]체레미 마카, 6
[네이버-상단]이브콘돔, 1
[네이버-상단]체레미 마카, 2
[네이버-상단]이브컵, 0
[네이버-상단]이브젤, 1
[네이버-1페이지]이브컵, 2
[네이버-1페이지]이브 콘돔, 1
[네이버-1페이지]체레미 마카, 6
[네이버-상단]이브컵, 0
[네이버-1페이지]이브젤, 2
[네이버-상단]체레미 마카, 2
[네이버-상단]이브콘돔, 1
[네이버-상단]이브젤, 1
[네이버-1페이지]이브 콘돔, 1
[네이버-1페이지]체레미 마카, 6
[네이버-1페이지]이브컵, 2
[네이버-상단]이브콘돔, 1
[네이버-상단]이브컵, 0
[네이버-상단]체레미 마카, 2
[네이버-상단]이브젤, 1
[네이버-1페이지]이브젤, 2
[네이버-1페이지]이브컵, 2
[네이버-1페이지]이브젤, 2
[네이버-상단]이브콘돔, 1
[네이버-1페이지]체레미 마카, 6
[네이버-상단]체레미 마카, 2
[네이버-상단]이브컵, 0
[네이버-1페이지]이브 콘돔, 1
[네이버-상단]이브젤, 1
[네이버-1페이지]이브 콘돔, 1
[네이버-1페이지]이브컵, 2
[네이버-1페이지]체레미 마카, 6
[네이버-1페이지]이브젤, 2
[네이버-상단]체레미 마카, 2
[네이버-상단]이브컵, 0
[네이버-상단]이브콘돔, 1
[네이버-상단]이브젤, 1
[네이버-1페이지]이브 콘돔, 1
[네이버-1페이지]이브컵, 2
[네이버-1페이지]체레미 마카, 6
[네이버-상단]체레미 마카, 2
[네이버-상단]이브컵, 0
[네이버-1페이지]이브젤, 2
[네이버-상단]이브콘돔, 1
[네이버-상단]이브젤, 1
[네이버-1페이지]이브 콘돔, 1
[네이버-1페이지]체레미 마카, 6
[네이버-1페이지]이브젤, 2
[네이버-상단]체레미 마카, 2
[네이버-1페이지]이브컵, 2
[네이버-상단]이브컵, 0
[네이버-상단]이브콘돔, 1
[네이버-상단]이브젤, 1
[네이버-1페이지]이브컵, 2
[네이버-1페이지]이브 콘돔, 1
[네이버-1페이지]체레미 마카, 6
[네이버-1페이지]이브젤, 2
[네이버-상단]이브컵, 0
[네이버-상단]체레미 마카, 2
[네이버-상단]이브콘돔, 1
[네이버-상단]이브젤, 1
[네이버-1페이지]이브 콘돔, 1
[네이버-1페이지]체레미 마카, 6
[네이버-1페이지]이브젤, 2
[네이버-1페이지]이브컵, 2
[네이버-상단]이브콘돔, 1
[네이버-상단]체레미 마카, 2
[네이버-상단]이브젤, 1
[네이버-상단]이브컵, 0
[네이버-1페이지]이브 콘돔, 1
[네이버-1페이지]체레미 마카, 6
[네이버-1페이지]이브컵, 2
[네이버-1페이지]이브젤, 2
[네이버-상단]이브콘돔, 1
[네이버-상단]체레미 마카, 2
[네이버-상단]이브컵, 0
[네이버-상단]이브젤, 1
[네이버-1페이지]이브젤, 2
[네이버-1페이지]체레미 마카, 6
[네이버-상단]이브콘돔, 1
[네이버-상단]이브컵, 0
[네이버-상단]체레미 마카, 2
[네이버-1페이지]이브컵, 2
[네이버-상단]이브젤, 1
[네이버-1페이지]이브 콘돔, 1
[네이버-1페이지]이브 콘돔, 1
[네이버-1페이지]이브컵, 2
[네이버-1페이지]체레미 마카, 6
[네이버-1페이지]이브젤, 2
[네이버-상단]이브콘돔, 1
[네이버-상단]체레미 마카, 2
[네이버-상단]이브컵, 0
[네이버-상단]이브젤, 1
[네이버-1페이지]이브 콘돔, 1
[네이버-1페이지]이브컵, 2
[네이버-1페이지]이브젤, 2
[네이버-1페이지]체레미 마카, 6
[네이버-상단]이브콘돔, 1
[네이버-상단]체레미 마카, 2
[네이버-상단]이브컵, 0
[네이버-상단]이브젤, 1
[네이버-1페이지]이브컵, 2
[네이버-1페이지]이브 콘돔, 1
[네이버-1페이지]이브젤, 2
[네이버-1페이지]체레미 마카, 6
[네이버-상단]이브콘돔, 1
[네이버-상단]이브컵, 0
[네이버-상단]이브젤, 1
[네이버-상단]체레미 마카, 2
[네이버-1페이지]이브젤, 2
[네이버-1페이지]이브 콘돔, 1
[네이버-1페이지]이브컵, 2
[네이버-1페이지]체레미 마카, 6
[네이버-상단]이브컵, 0
[네이버-상단]체레미 마카, 2
[네이버-상단]이브콘돔, 1
[네이버-상단]이브젤, 1
[네이버-1페이지]이브컵, 2
[네이버-1페이지]이브젤, 2
[네이버-1페이지]이브 콘돔, 1
[네이버-상단]이브콘돔, 1
[네이버-상단]이브컵, 0
[네이버-상단]체레미 마카, 2
[네이버-1페이지]체레미 마카, 6
[네이버-상단]이브젤, 1
[네이버-1페이지]이브 콘돔, 1
[네이버-1페이지]체레미 마카, 6
[네이버-1페이지]이브컵, 2
[네이버-1페이지]이브젤, 2
[네이버-상단]이브콘돔, 1
[네이버-상단]체레미 마카, 2
[네이버-상단]이브컵, 0
[네이버-상단]이브젤, 1
[네이버-1페이지]이브컵, 2
[네이버-1페이지]이브 콘돔, 1
[네이버-1페이지]체레미 마카, 6
[네이버-1페이지]이브젤, 2
[네이버-상단]이브컵, 0
[네이버-상단]체레미 마카, 2
[네이버-상단]이브젤, 1
[네이버-상단]이브콘돔, 1
[네이버-1페이지]이브컵, 2
[네이버-1페이지]이브 콘돔, 1
[네이버-1페이지]체레미 마카, 6
[네이버-1페이지]이브젤, 2
[네이버-상단]체레미 마카, 2
[네이버-상단]이브콘돔, 1
[네이버-상단]이브젤, 1
[네이버-상단]이브컵, 0
[네이버-1페이지]이브 콘돔, 1
[네이버-1페이지]체레미 마카, 6
[네이버-1페이지]이브젤, 2
[네이버-1페이지]이브컵, 2
[네이버-상단]이브컵, 0
[네이버-상단]이브콘돔, 1
[네이버-상단]체레미 마카, 2
[네이버-상단]이브젤, 1
[네이버-1페이지]이브 콘돔, 1
[네이버-1페이지]체레미 마카, 6
[네이버-1페이지]이브젤, 2
[네이버-1페이지]이브컵, 2
[네이버-상단]이브콘돔, 1
[네이버-상단]체레미 마카, 2
[네이버-상단]이브컵, 0
[네이버-상단]이브젤, 1
[네이버-1페이지]이브젤, 2
[네이버-상단]이브콘돔, 1
[네이버-1페이지]이브컵, 2
[네이버-상단]체레미 마카, 2
[네이버-1페이지]이브 콘돔, 1
[네이버-1페이지]체레미 마카, 6
[네이버-상단]이브젤, 1
[네이버-상단]이브컵, 0
[네이버-1페이지]이브젤, 2
[네이버-1페이지]체레미 마카, 6
[네이버-1페이지]이브 콘돔, 1
[네이버-1페이지]이브컵, 2
[네이버-상단]체레미 마카, 2
[네이버-상단]이브콘돔, 1
[네이버-상단]이브젤, 1
[네이버-상단]이브컵, 0
[네이버-1페이지]이브 콘돔, 1
[네이버-1페이지]이브컵, 2
[네이버-1페이지]체레미 마카, 6
[네이버-상단]체레미 마카, 2
[네이버-상단]이브콘돔, 1
[네이버-1페이지]이브젤, 2
[네이버-상단]이브컵, 0
[네이버-상단]이브젤, 1
[네이버-1페이지]이브젤, 2
[네이버-1페이지]이브 콘돔, 1
[네이버-1페이지]이브컵, 2
[네이버-1페이지]체레미 마카, 6
[네이버-상단]체레미 마카, 2
[네이버-상단]이브콘돔, 1
[네이버-상단]이브컵, 0
[네이버-상단]이브젤, 1
[네이버-1페이지]이브 콘돔, 1
[네이버-1페이지]체레미 마카, 6
[네이버-상단]이브컵, 0
[네이버-상단]이브콘돔, 1
[네이버-1페이지]이브젤, 2
[네이버-1페이지]이브컵, 2
[네이버-상단]체레미 마카, 2
[네이버-상단]이브젤, 1
[네이버-1페이지]이브 콘돔, 1
[네이버-1페이지]이브컵, 2
[네이버-1페이지]이브젤, 2
[네이버-상단]이브컵, 0
[네이버-상단]이브콘돔, 1
[네이버-1페이지]체레미 마카, 6
[네이버-상단]체레미 마카, 2
[네이버-상단]이브젤, 1
[네이버-1페이지]이브 콘돔, 1
[네이버-상단]이브콘돔, 1
[네이버-1페이지]이브컵, 2
[네이버-1페이지]이브젤, 2
[네이버-1페이지]체레미 마카, 6
[네이버-상단]이브컵, 0
[네이버-상단]체레미 마카, 2
[네이버-상단]이브젤, 1
[네이버-1페이지]체레미 마카, 6
[네이버-1페이지]이브 콘돔, 1
[네이버-1페이지]이브컵, 2
[네이버-상단]이브콘돔, 1
[네이버-1페이지]이브젤, 2
[네이버-상단]체레미 마카, 2
[네이버-상단]이브컵, 0
[네이버-상단]이브젤, 1
[네이버-1페이지]이브 콘돔, 1
[네이버-1페이지]이브젤, 2
[네이버-1페이지]체레미 마카, 6
[네이버-1페이지]이브컵, 2
[네이버-상단]체레미 마카, 2
[네이버-상단]이브콘돔, 1
[네이버-상단]이브컵, 0
[네이버-상단]이브젤, 1
[네이버-1페이지]이브 콘돔, 1
[네이버-1페이지]이브젤, 2
[네이버-1페이지]이브컵, 2
[네이버-1페이지]체레미 마카, 6
[네이버-상단]이브콘돔, 1
[네이버-상단]이브컵, 0
[네이버-상단]체레미 마카, 2
[네이버-상단]이브젤, 1
[네이버-1페이지]이브 콘돔, 1
[네이버-1페이지]이브젤, 2
[네이버-1페이지]이브컵, 2
[네이버-1페이지]체레미 마카, 6
[네이버-상단]이브컵, 0
[네이버-상단]이브콘돔, 1
[네이버-상단]체레미 마카, 2
[네이버-상단]이브젤, 1
[네이버-1페이지]이브 콘돔, 1
[네이버-1페이지]이브젤, 2
[네이버-1페이지]이브컵, 2
[네이버-1페이지]체레미 마카, 6
[네이버-상단]이브컵, 0
[네이버-상단]체레미 마카, 2
[네이버-상단]이브콘돔, 1
[네이버-상단]이브젤, 1
[네이버-1페이지]이브 콘돔, 1
[네이버-1페이지]이브컵, 2
[네이버-1페이지]이브젤, 2
[네이버-1페이지]체레미 마카, 6
[네이버-상단]이브콘돔, 1
[네이버-상단]이브컵, 0
[네이버-상단]체레미 마카, 2
[네이버-상단]이브젤, 1
[네이버-1페이지]이브젤, 2
[네이버-1페이지]체레미 마카, 6
[네이버-1페이지]이브 콘돔, 1
[네이버-1페이지]이브컵, 2
[네이버-상단]이브콘돔, 1
[네이버-상단]체레미 마카, 2
[네이버-상단]이브컵, 0
[네이버-상단]이브젤, 1
[네이버-1페이지]이브 콘돔, 1
[네이버-1페이지]이브컵, 2
[네이버-상단]이브콘돔, 1
[네이버-1페이지]체레미 마카, 6
[네이버-상단]체레미 마카, 2
[네이버-1페이지]이브젤, 2
[네이버-1페이지]이브 콘돔, 1
[네이버-1페이지]이브젤, 2
[네이버-1페이지]이브컵, 2
[네이버-1페이지]체레미 마카, 6
[네이버-상단]이브컵, 0
[네이버-상단]이브콘돔, 1
[네이버-상단]이브젤, 1
[네이버-상단]체레미 마카, 2
[네이버-1페이지]이브 콘돔, 1
[네이버-1페이지]이브젤, 2
[네이버-1페이지]이브컵, 2
[네이버-1페이지]체레미 마카, 6
[네이버-상단]체레미 마카, 2
[네이버-상단]이브컵, 0
[네이버-상단]이브젤, 1
[네이버-상단]이브콘돔, 1
[네이버-1페이지]체레미 마카, 6
[네이버-1페이지]이브 콘돔, 1
[네이버-1페이지]이브컵, 2
[네이버-1페이지]이브젤, 2
[네이버-상단]체레미 마카, 2
[네이버-상단]이브컵, 0
[네이버-상단]이브콘돔, 1
[네이버-상단]이브젤, 1
[네이버-1페이지]이브 콘돔, 1
[네이버-1페이지]체레미 마카, 6
[네이버-1페이지]이브컵, 2
[네이버-상단]이브콘돔, 1
[네이버-상단]이브컵, 0
[네이버-상단]체레미 마카, 2
[네이버-1페이지]이브젤, 2
[네이버-상단]이브젤, 1
[네이버-1페이지]이브젤, 2
[네이버-1페이지]이브 콘돔, 1
[네이버-1페이지]이브컵, 2
[네이버-1페이지]체레미 마카, 6
[네이버-상단]이브컵, 0
[네이버-상단]이브콘돔, 1
[네이버-상단]체레미 마카, 2
[네이버-상단]이브젤, 1
[네이버-1페이지]체레미 마카, 6
[네이버-1페이지]이브 콘돔, 1
[네이버-1페이지]이브젤, 2
[네이버-1페이지]이브컵, 2
[네이버-상단]체레미 마카, 2
[네이버-상단]이브콘돔, 1
[네이버-상단]이브컵, 0
[네이버-상단]이브젤, 1
[네이버-1페이지]이브 콘돔, 1
[네이버-상단]이브콘돔, 1
[네이버-1페이지]이브컵, 2
[네이버-1페이지]이브젤, 2
[네이버-1페이지]체레미 마카, 6
[네이버-상단]체레미 마카, 2
[네이버-상단]이브컵, 0
[네이버-상단]이브젤, 1
[네이버-1페이지]이브 콘돔, 1
[네이버-1페이지]체레미 마카, 6
[네이버-1페이지]이브컵, 2
[네이버-1페이지]이브젤, 2
[네이버-상단]체레미 마카, 2
[네이버-상단]이브콘돔, 1
[네이버-상단]이브컵, 0
[네이버-상단]이브젤, 1
[네이버-1페이지]이브젤, 2
[네이버-1페이지]체레미 마카, 6
[네이버-1페이지]이브컵, 2
[네이버-1페이지]이브 콘돔, 1
[네이버-상단]이브콘돔, 1
[네이버-상단]체레미 마카, 2
[네이버-상단]이브컵, 0
[네이버-상단]이브젤, 1
[네이버-1페이지]이브 콘돔, 1
[네이버-1페이지]체레미 마카, 6
[네이버-1페이지]이브젤, 2
[네이버-1페이지]이브컵, 2
[네이버-상단]이브콘돔, 1
[네이버-상단]이브컵, 0
[네이버-상단]체레미 마카, 2
[네이버-상단]이브젤, 1
[네이버-1페이지]이브 콘돔, 1
[네이버-1페이지]체레미 마카, 6
[네이버-1페이지]이브컵, 2
[네이버-상단]이브콘돔, 1
[네이버-1페이지]이브젤, 2
[네이버-상단]체레미 마카, 2
[네이버-상단]이브젤, 1
[네이버-상단]이브컵, 0
[네이버-1페이지]이브젤, 2
[네이버-1페이지]이브 콘돔, 1
[네이버-1페이지]이브컵, 2
[네이버-상단]이브콘돔, 1
[네이버-1페이지]체레미 마카, 6
[네이버-상단]체레미 마카, 2
[네이버-상단]이브컵, 0
[네이버-상단]이브젤, 1
